label,gate_chars,frontend_scorable_chars
L0001/full_text_annotate.mcyjp.yml,601,629
L0001/key_reading.mpjwh.yml,359,371
L0002/full_text_annotate.wfrxc.yml,768,768
L0002/key_reading.hwteq.yml,334,334
L0003/full_text_annotate.mcda3.yml,882,893
L0003/key_reading.fxqh6.yml,344,344
L0004/full_text_annotate.dmhc3.yml,543,543
L0004/key_reading.6yxve.yml,384,384
L0005/full_text_annotate.aaymn.yml,651,656
L0005/key_reading.hkx6e.yml,311,316
L0006/full_text_annotate.3ttr7.yml,588,588
L0006/key_reading.md99x.yml,326,326
L0007/full_text_annotate.c9h66.yml,983,987
L0007/key_reading.cwcnf.yml,334,334
L0008/full_text_annotate.h9yhy.yml,699,699
L0008/key_reading.3adk9.yml,310,310
L0009/full_text_annotate.xxwkf.yml,1003,1003
L0009/key_reading.mn7ju.yml,356,356
L0010/full_text_annotate.ajk7q.yml,581,581
L0010/key_reading.wkmdr.yml,281,281
L0011/full_text_annotate.dcavv.yml,615,628
L0011/key_reading.arfe7.yml,331,339
L0012/full_text_annotate.rxfxx.yml,802,825
L0012/key_reading.ju7a4.yml,271,293
L0013/full_text_annotate.7fy99.yml,743,755
L0013/key_reading.mrfyn.yml,292,300
L0014/full_text_annotate.uc7mr.yml,647,647
L0014/key_reading.yvpjd.yml,350,350
L0015/full_text_annotate.kfjyw.yml,677,693
L0015/key_reading.vuu63.yml,338,344
L0016/full_text_annotate.n3tjn.yml,458,458
L0016/key_reading.4uj4q.yml,339,339
L0017/full_text_annotate.qeqwt.yml,598,598
L0017/key_reading.h6xnk.yml,263,263
L0018/full_text_annotate.j4dyf.yml,721,724
L0018/key_reading.tpxtj.yml,320,320
L0019/full_text_annotate.3hhtn.yml,966,985
L0019/key_reading.kddmm.yml,396,411
L0020/full_text_annotate.6xkpp.yml,782,785
L0020/key_reading.m47w4.yml,303,306
L0021/full_text_annotate.ke6jr.yml,734,746
L0022/full_text_annotate.7m4my.yml,698,698
L0022/key_reading.4dekv.yml,455,455
L0023/full_text_annotate.tqvdk.yml,925,944
L0023/key_reading.n3jva.yml,432,434
L0024/full_text_annotate.eak94.yml,976,981
L0024/key_reading.y73mk.yml,330,330
L0025/full_text_annotate.9tmnd.yml,945,962
L0025/key_reading.jppcc.yml,409,409
L0026/full_text_annotate.jetyv.yml,692,692
L0026/key_reading.d9wqa.yml,356,356
L0027/full_text_annotate.dkkew.yml,546,546
L0027/key_reading.yy4tx.yml,298,298
L0028/full_text_annotate.977nw.yml,797,840
L0028/key_reading.pckcm.yml,408,419
L0029/full_text_annotate.fqwda.yml,897,907
L0029/full_text_annotate.n3qxn.yml,867,887
L0029/key_reading.d9d7p.yml,299,303
L0029/key_reading.tfewt.yml,292,292
L0030/full_text_annotate.eqqyy.yml,589,589
L0030/key_reading.jr6ja.yml,362,362
L0031/full_text_annotate.3khu6.yml,722,742
L0031/key_reading.x4n4w.yml,350,368
L0032/full_text_annotate.qjn4x.yml,860,871
L0032/key_reading.pucxn.yml,256,256
L0033/full_text_annotate.p7q67.yml,806,806
L0033/key_reading.phwnx.yml,319,319
L0034/full_text_annotate.6t6cy.yml,1044,1062
L0034/key_reading.j7xqu.yml,413,417
L0035/full_text_annotate.vc3at.yml,994,1033
L0035/key_reading.apnaa.yml,314,336
L0036/full_text_annotate.dt9cv.yml,896,937
L0036/key_reading.cua4c.yml,320,331
L0037/full_text_annotate.fv7cm.yml,1252,1257
L0037/key_reading.6ynfe.yml,328,328
L0038/full_text_annotate.jmh6a.yml,746,752
L0038/key_reading.qt9uh.yml,384,390
L0039/full_text_annotate.phhwe.yml,1034,1048
L0039/key_reading.e7umc.yml,311,311
L0040/full_text_annotate.h6kd6.yml,1481,1489
L0040/key_reading.3ma4h.yml,391,391
L0041/full_text_annotate.wjtnp.yml,1030,1036
L0041/key_reading.ujtjf.yml,317,317
L0042/full_text_annotate.tvt77.yml,1037,1047
L0042/key_reading.mdjjy.yml,302,307
L0043/full_text_annotate.nraty.yml,1410,1410
L0043/key_reading.aqhhj.yml,320,320
L0044/full_text_annotate.yqxqv.yml,851,851
L0045/full_text_annotate.urk49.yml,789,821
L0045/key_reading.ejvcp.yml,331,345
L0046/full_text_annotate.vcn7j.yml,793,793
L0046/key_reading.ny7wv.yml,286,286
L0047/full_text_annotate.4mq6a.yml,868,870
L0047/key_reading.cptv3.yml,365,367
L0048/full_text_annotate.jehhy.yml,984,1047
L0048/key_reading.audn6.yml,371,379
L0049/full_text_annotate.vdrxk.yml,734,746
L0050/full_text_annotate.cwrfr.yml,899,949
L0050/key_reading.teqca.yml,303,318
L0051/full_text_annotate.f9369.yml,1010,1046
L0051/key_reading.ty6c7.yml,306,318
L0052/full_text_annotate.jhjte.yml,795,825
L0052/key_reading.kjcx3.yml,400,414
L0053/full_text_annotate.3np3k.yml,848,848
L0053/key_reading.phva7.yml,313,313
L0054/full_text_annotate.a3pdu.yml,857,857
L0054/key_reading.uyr7q.yml,416,416
L0055/full_text_annotate.9pfan.yml,990,1042
L0055/key_reading.j3e3w.yml,368,382
L0056/full_text_annotate.wprr6.yml,1019,1024
L0056/key_reading.adykq.yml,295,295
L0057/full_text_annotate.tvrxr.yml,891,898
L0057/key_reading.7rxjq.yml,251,251
L0058/full_text_annotate.wmhmv.yml,886,929
L0058/key_reading.4xtq7.yml,311,318
L0059/full_text_annotate.e3rx7.yml,755,766
L0059/key_reading.jm3ww.yml,309,313
L0060/full_text_annotate.tw9hj.yml,1127,1146
L0060/key_reading.6reqf.yml,322,322
L0061/full_text_annotate.k3ckp.yml,1090,1092
L0061/key_reading.vq7ww.yml,387,387
L0062/full_text_annotate.ww4d9.yml,708,708
L0062/key_reading.jak3k.yml,310,310
L0063/full_text_annotate.4uee3.yml,730,744
L0063/full_text_annotate.7wavn.yml,837,875
L0063/full_text_annotate.p3kud.yml,660,683
L0063/key_reading.9a7x4.yml,302,302
L0063/key_reading.ajy9w.yml,241,250
L0063/key_reading.yprak.yml,310,330
L0064/full_text_annotate.4fwdm.yml,765,765
L0064/key_reading.3yw7u.yml,429,429
L0065/full_text_annotate.7qpra.yml,1060,1064
L0065/key_reading.mqxtx.yml,330,330
L0066/full_text_annotate.my7tn.yml,1041,1041
L0066/key_reading.vye47.yml,344,344
L0067/full_text_annotate.dhqrv.yml,1157,1157
L0067/key_reading.3nau9.yml,338,338
L0068/full_text_annotate.yehu3.yml,1469,1473
L0069/full_text_annotate.v9cjw.yml,1165,1175
L0069/key_reading.yumur.yml,349,349
L0070/full_text_annotate.cdhdt.yml,970,970
L0071/full_text_annotate.mkn9y.yml,856,903
L0071/key_reading.9rncr.yml,371,382
L0072/full_text_annotate.yk4tc.yml,869,879
L0072/key_reading.vfmem.yml,317,317
L0073/full_text_annotate.4ye9x.yml,917,917
L0073/key_reading.wtaem.yml,420,420
L0074/full_text_annotate.a4qjf.yml,877,924
L0074/key_reading.fedv9.yml,351,363
L0075/full_text_annotate.tvf6u.yml,908,939
L0075/key_reading.4jkpq.yml,287,293
L0076/full_text_annotate.qw9tk.yml,1051,1051
L0076/key_reading.6ye9h.yml,334,334
L0077/full_text_annotate.6cp4h.yml,734,746
L0078/full_text_annotate.3ynpe.yml,957,957
L0078/key_reading.hqnw3.yml,351,351
L0079/full_text_annotate.xxra4.yml,892,919
L0079/key_reading.qh7t4.yml,370,386
L0080/full_text_annotate.cmwwv.yml,1040,1053
L0080/key_reading.nkj9j.yml,340,340
L0081/full_text_annotate.v3nth.yml,821,854
L0081/key_reading.jwhh3.yml,316,323
L0082/full_text_annotate.67fkn.yml,738,746
L0082/key_reading.hna4h.yml,311,311
L0083/full_text_annotate.xmaax.yml,1052,1076
L0083/key_reading.7uv63.yml,294,294
L0084/full_text_annotate.nypwh.yml,941,941
L0084/key_reading.fff44.yml,273,273
L0085/full_text_annotate.ttk9y.yml,882,893
L0085/key_reading.eekyd.yml,344,344
L0086/full_text_annotate.rdyd6.yml,743,755
L0086/key_reading.peed4.yml,292,300
L0087/full_text_annotate.rpcyh.yml,1019,1024
L0087/key_reading.haxwv.yml,295,295
L0088/full_text_annotate.y4x3j.yml,1124,1151
L0088/key_reading.6nfav.yml,338,346
L0089/full_text_annotate.f7mav.yml,1280,1280
L0089/key_reading.uf6ny.yml,376,376
L0090/full_text_annotate.4x996.yml,913,1001
L0090/key_reading.6pvew.yml,281,327
L0091/full_text_annotate.yvw4a.yml,910,1007
L0091/key_reading.64w9q.yml,402,435
L0092/full_text_annotate.ymrp3.yml,1003,1033
L0092/key_reading.4det3.yml,301,301
L0093/full_text_annotate.ch7x6.yml,1194,1204
L0093/key_reading.fuvjp.yml,319,324
L0094/full_text_annotate.qxvp9.yml,828,828
L0094/key_reading.dhjfd.yml,346,346
L0095/full_text_annotate.9yvqf.yml,946,992
L0095/key_reading.yqvaj.yml,326,326
L0096/full_text_annotate.rnuuy.yml,996,1032
L0096/key_reading.unxym.yml,448,460
L0097/full_text_annotate.pa39q.yml,864,869
L0097/key_reading.jj9ka.yml,320,324
L0098/full_text_annotate.phue3.yml,690,690
L0098/key_reading.wkrwk.yml,365,365
L0099/full_text_annotate.e9tc4.yml,1234,1240
L0099/key_reading.6jvyf.yml,367,373
L0100/full_text_annotate.rcmdx.yml,811,823
L0100/key_reading.9jqxw.yml,346,358
L0101/full_text_annotate.ffk64.yml,816,816
L0101/key_reading.cw744.yml,415,415
L0102/full_text_annotate.eujnf.yml,957,964
L0102/key_reading.7nadf.yml,356,356
L0103/full_text_annotate.uwr7r.yml,1004,1011
L0103/key_reading.dxjyx.yml,305,312
L0104/full_text_annotate.nperf.yml,1152,1166
L0104/key_reading.k9fef.yml,404,404
L0105/full_text_annotate.qqppu.yml,1203,1213
L0105/key_reading.6mwkt.yml,371,371
L0106/full_text_annotate.p9whw.yml,484,484
L0107/full_text_annotate.6ra7e.yml,734,746
L0108/full_text_annotate.xv76d.yml,986,1047
L0108/key_reading.eunmy.yml,296,311
L0109/full_text_annotate.ptwcu.yml,1106,1106
L0109/key_reading.jfpu3.yml,345,345
L0110/full_text_annotate.uw6dr.yml,1191,1206
L0110/key_reading.jx79c.yml,308,312
L0111/full_text_annotate.33uhx.yml,369,376
L0111/full_text_annotate.r4d9j.yml,360,383
L0112/full_text_annotate.heaup.yml,960,1003
L0112/key_reading.hk7wa.yml,345,355
L0113/full_text_annotate.3mx6k.yml,1092,1119
L0113/key_reading.wcxwp.yml,310,310
L0114/full_text_annotate.69exm.yml,1058,1080
L0114/key_reading.vrpan.yml,359,359
L0115/full_text_annotate.mr3he.yml,1058,1133
L0115/key_reading.634yc.yml,278,305
L0116/full_text_annotate.dcjhu.yml,1049,1066
L0116/key_reading.3uy4q.yml,390,395
L0117/full_text_annotate.ueunt.yml,1084,1096
L0117/key_reading.thc6j.yml,270,275
L0118/full_text_annotate.puwmm.yml,1006,1006
L0118/key_reading.k6d9j.yml,317,317
L0119/full_text_annotate.d4jfj.yml,836,836
L0119/key_reading.4khjh.yml,374,374
L0120/full_text_annotate.7c3ah.yml,1126,1130
L0120/key_reading.rqjxq.yml,360,362
L0121/full_text_annotate.a6hyh.yml,1133,1162
L0121/key_reading.tt49h.yml,307,307
L0122/full_text_annotate.4q3rm.yml,1044,1096
L0122/key_reading.xv9ny.yml,316,325
L0123/full_text_annotate.yvden.yml,1267,1287
L0123/key_reading.9wmep.yml,322,325
L0124/full_text_annotate.u7rhq.yml,970,1015
L0124/key_reading.upmvk.yml,301,321
L0125/full_text_annotate.4etxq.yml,1157,1162
L0125/key_reading.rxqnp.yml,364,364
L0126/full_text_annotate.hxeve.yml,1297,1304
L0126/key_reading.jwycp.yml,306,306
L0127/full_text_annotate.xead6.yml,1297,1311
L0127/key_reading.7k3hv.yml,285,285
L0128/full_text_annotate.m6nw9.yml,1217,1241
L0128/key_reading.ck7p9.yml,282,282
L0129/full_text_annotate.uc6qm.yml,1014,1028
L0129/key_reading.knxr3.yml,560,566
L0130/full_text_annotate.9n3wf.yml,734,746
L0131/full_text_annotate.9kedu.yml,975,986
L0131/key_reading.uk6wd.yml,350,350
L0132/full_text_annotate.ue3q9.yml,1343,1449
L0132/key_reading.dku67.yml,312,314
L0133/full_text_annotate.99uef.yml,620,627
L0134/full_text_annotate.76aw6.yml,776,852
L0135/full_text_annotate.k3kau.yml,670,670
L0137/full_text_annotate.ppwdu.yml,556,599
L0137/full_text_annotate.ut67x.yml,653,684
L0138/full_text_annotate.v77k6.yml,1088,1103
L0138/key_reading.c3rt9.yml,348,348
L0139/full_text_annotate.4dcq9.yml,1144,1190
L0139/key_reading.cffhh.yml,338,354
L0140/full_text_annotate.43ftn.yml,1158,1158
L0140/key_reading.tfepx.yml,367,367
L0141/full_text_annotate.q4jk9.yml,1090,1155
L0141/key_reading.nywp7.yml,265,292
L0142/full_text_annotate.v7krr.yml,1431,1442
L0142/key_reading.6amwa.yml,263,263
L0143/full_text_annotate.6mpre.yml,862,908
L0143/key_reading.96jnp.yml,252,262
L0144/full_text_annotate.4ymn7.yml,477,493
L0144/full_text_annotate.dvxj6.yml,1172,1262
L0144/full_text_annotate.wdnd7.yml,932,1015
L0145/full_text_annotate.uy3fm.yml,1122,1132
L0145/key_reading.x96ca.yml,341,346
L0146/full_text_annotate.9h66d.yml,920,926
L0146/key_reading.v4fqq.yml,415,419
L0147/full_text_annotate.ptm4r.yml,1110,1115
L0147/key_reading.tnt4y.yml,389,389
L0148/full_text_annotate.nnmyv.yml,1136,1176
L0148/key_reading.puq6q.yml,347,354
L0149/full_text_annotate.c9fmq.yml,1027,1083
L0149/key_reading.ufavh.yml,338,346
L0150/full_text_annotate.wppq9.yml,840,960
L0151/full_text_annotate.n3hxj.yml,1145,1188
L0151/key_reading.qvryf.yml,303,309
L0152/full_text_annotate.6e7r9.yml,1266,1287
L0152/key_reading.e9kvt.yml,304,315
L0156/full_text_annotate.4vamf.yml,661,661
L0156/key_reading.n9a7a.yml,349,349
L0157/full_text_annotate.nvrme.yml,591,605
L0165/full_text_annotate.p9d6j.yml,1136,1136
L0165/key_reading.cuq4n.yml,357,357
L0166/full_text_annotate.pvqer.yml,1049,1062
L0166/key_reading.p7nhm.yml,358,362
L0167/full_text_annotate.9jcxw.yml,768,768
L0167/key_reading.dkhf7.yml,295,295
L0168/full_text_annotate.pmxkq.yml,855,855
L0168/key_reading.6d67k.yml,248,248
L0169/full_text_annotate.9ja7n.yml,887,891
L0169/key_reading.wyvrp.yml,301,305
L0170/full_text_annotate.3vey6.yml,942,942
L0170/key_reading.pexde.yml,471,471
L0171/full_text_annotate.envdq.yml,1013,1013
L0171/key_reading.p7jef.yml,317,317
L0172/full_text_annotate.ampvv.yml,1002,1002
L0172/key_reading.pfqpp.yml,354,354
L0173/full_text_annotate.wwejy.yml,976,976
L0173/key_reading.nva4u.yml,385,385
L0174/full_text_annotate.vw6jj.yml,967,982
L0174/key_reading.uvmjm.yml,376,391
L0175/full_text_annotate.66nax.yml,1110,1110
L0175/key_reading.wrh93.yml,280,280
L0176/full_text_annotate.9qjnx.yml,1115,1115
L0176/key_reading.ww3ve.yml,281,281
L0177/full_text_annotate.np49y.yml,1036,1044
L0177/key_reading.qj9j4.yml,409,409
L0178/full_text_annotate.h4jud.yml,976,976
L0178/key_reading.cqhpp.yml,323,323
L0179/full_text_annotate.apkxt.yml,1059,1068
L0179/key_reading.dxxwe.yml,339,339
